Field 1,Field 2,Field 3,Field 4,Field 5,Field 6,Field 7,Field 8,Field 9,Field 10
A1,B1,C1,D1,E1,F1,G1,H1,G1,H1
A2,B2,C2,D2,E2,F2,G2,H2,G2,H2
A3,B3,C3,D3,E3,F3,G3,H3,G3,H3
A4,B4,C4,D4,E4,F4,G4,H4,G4,H4
A5,B5,C5,D5,E5,F5,G5,H5,G5,H5
A6,B6,C6,D6,E6,F6,G6,H6,G6,H6
A7,B7,C7,D7,E7,F7,G7,H7,G7,H7
A8,B8,C8,D8,E8,F8,G8,H8,G8,H8
A9,B9,C9,D9,E9,F9,G9,H9,G9,H9
A10,B10,C10,D10,E10,F10,G10,H10,G10,H10
A11,B11,C11,D11,E11,F11,G11,H11,G11,H11
A12,B12,C12,D12,E12,F12,G12,H12,G12,H12
A13,B13,C13,D13,E13,F13,G13,H13,G13,H13
A14,B14,C14,D14,E14,F14,G14,H14,G14,H14
A15,B15,C15,D15,E15,F15,G15,H15,G15,H15
A16,B16,C16,D16,E16,F16,G16,H16,G16,H16
A17,B17,C17,D17,E17,F17,G17,H17,G17,H17
A18,B18,C18,D18,E18,F18,G18,H18,G18,H18
A19,B19,C19,D19,E19,F19,G19,H19,G19,H19
A20,B20,C20,D20,E20,F20,G20,H20,G20,H20
A21,B21,C21,D21,E21,F21,G21,H21,G21,H21
A22,B22,C22,D22,E22,F22,G22,H22,G22,H22
A23,B23,C23,D23,E23,F23,G23,H23,G23,H23
A24,B24,C24,D24,E24,F24,G24,H24,G24,H24
A25,B25,C25,D25,E25,F25,G25,H25,G25,H25
A26,B26,C26,D26,E26,F26,G26,H26,G26,H26
A27,B27,C27,D27,E27,F27,G27,H27,G27,H27
A28,B28,C28,D28,E28,F28,G28,H28,G28,H28
A29,B29,C29,D29,E29,F29,G29,H29,G29,H29
